iter	MultiClass
0	1.572536091
1	1.549187598
2	1.52408405
3	1.503910951
4	1.485926865
5	1.457567168
6	1.434950888
7	1.426759484
8	1.412330846
9	1.397615445
10	1.377584004
11	1.368716905
12	1.355533102
13	1.338259604
14	1.324347036
15	1.309505752
16	1.29659649
17	1.279757995
18	1.265977787
19	1.251628649
