iter	MultiClass
0	2.287716161
1	2.282915126
2	2.279033654
3	2.277020155
4	2.275245377
5	2.274145525
6	2.271838757
7	2.270056583
8	2.268853735
9	2.267604105
