iter	MultiClass
0	2.282662603
1	2.272660997
2	2.267107299
3	2.26291166
4	2.259422828
5	2.256247879
6	2.253213079
7	2.251321443
8	2.248362653
9	2.245297803
10	2.242746329
11	2.240126675
12	2.238317361
13	2.236448704
14	2.233133606
15	2.231467471
16	2.229093267
17	2.226518309
18	2.22480773
19	2.222855489
